<?xml version="1.0" encoding="UTF-8"?>
<project-private xmlns="http://www.netbeans.org/ns/project-private/1">
    <editor-bookmarks xmlns="http://www.netbeans.org/ns/editor-bookmarks/2" lastBookmarkId="0"/>
    <open-files xmlns="http://www.netbeans.org/ns/projectui-open-files/2">
        <group>
            <file>file:/C:/java/CitasMedicas/src/java/modelo/doctorDAO.java</file>
            <file>file:/C:/java/CitasMedicas/src/java/modelo/clienteDAO.java</file>
            <file>file:/C:/java/CitasMedicas/web/clientes/index.jsp</file>
            <file>file:/C:/java/CitasMedicas/src/java/controlador/DoctorControlador.java</file>
            <file>file:/C:/java/CitasMedicas/src/java/controlador/ClienteControlador.java</file>
            <file>file:/C:/java/CitasMedicas/web/doctores/nuevo.jsp</file>
            <file>file:/C:/java/CitasMedicas/web/clientes/nuevo.jsp</file>
            <file>file:/C:/java/CitasMedicas/web/clientes/modificar.jsp</file>
            <file>file:/C:/java/CitasMedicas/web/doctores/modificar.jsp</file>
            <file>file:/C:/java/CitasMedicas/src/java/modelo/cliente.java</file>
            <file>file:/C:/java/CitasMedicas/web/doctores/index.jsp</file>
        </group>
    </open-files>
</project-private>
